poset_level,Mean_Resilience,Median_Resilience,Std_Resilience,N_Countries
1,-0.363994271112619,-0.17534454195915525,0.6925662159171935,8.0
2,-0.44730176016464984,-0.43239833594851323,0.7581035195619416,9.0
3,0.1379318195329052,0.15347006871176963,0.62448238126915,6.0
4,-0.04002643971857748,-0.022049042585732585,0.4514948493534402,6.0
5,-0.02082173395718256,0.12338737776580755,0.5690657031477818,8.0
