Metric,Value,Shock_ID
Spearman_Correlation,0.3115525441289909,GFC_2008
Spearman_PValue,0.056900122132271753,GFC_2008
Kruskal_Statistic,4.87087912087911,GFC_2008
Kruskal_PValue,0.30080451478554826,GFC_2008
Spearman_Correlation,0.41037835113764937,COVID_2020
Spearman_PValue,0.010495252989703698,COVID_2020
Kruskal_Statistic,11.762001156737995,COVID_2020
Kruskal_PValue,0.019211686675659756,COVID_2020
