poset_level,Mean_Resilience,Median_Resilience,Std_Resilience,N_Countries
1,-0.2503295351099878,-0.21493827902696658,0.41365294426714694,8.0
2,-0.7520779816072747,-0.5916167161057211,1.0536069641340027,7.0
3,0.10587193426462632,0.16829676935557486,0.5699532036053643,8.0
4,0.00960715633573731,0.04711291302064957,0.40606928826787503,7.0
5,0.004210165100397488,0.16233827380758412,0.5629909442721202,8.0
