Metric,Value,Shock_ID
Spearman_Correlation,-0.07551419609021327,GFC_2008
Spearman_PValue,0.6568946691767468,GFC_2008
Kruskal_Statistic,35.96159317211951,GFC_2008
Kruskal_PValue,0.42328168438718056,GFC_2008
Spearman_Correlation,-0.29518108047822766,COVID_2020
Spearman_PValue,0.07612131550978195,COVID_2020
Kruskal_Statistic,34.61735419630159,COVID_2020
Kruskal_PValue,0.4864552273009316,COVID_2020
