poset_level,Mean_Resilience,Median_Resilience,Std_Resilience,N_Countries,Shock_ID
1,-0.6044395305631323,-0.2623548455713333,1.0592847324933186,8,COVID_2020
2,-0.3175440766683143,-0.39479554714954934,0.49646819850235996,9,COVID_2020
3,0.31383331108285567,0.14569914250300398,0.6531803948246073,6,COVID_2020
4,-0.03729332907125683,-0.03945228316767152,0.36207836864976456,6,COVID_2020
5,-0.02700646818176062,0.043781976052786345,0.39993069893251826,8,COVID_2020
