poset_level,Mean_Resilience,Median_Resilience,Std_Resilience,N_Countries,Shock_ID
1,-0.1441289900820868,-0.15571626436020475,0.3753733539163517,8,GFC_2008
2,-0.6820834447138193,-0.5656500630245203,1.1150668262461119,7,GFC_2008
3,0.001999015978859077,0.18812613739485465,0.53982262621707,8,GFC_2008
4,-0.0052783779617210985,0.02620625867418027,0.48552717141736573,7,GFC_2008
5,0.018269595296420214,0.2636147083533492,0.7431980955775497,8,GFC_2008
