poset_level,Mean_Resilience,Median_Resilience,Std_Resilience,N_Countries,Shock_ID
1,-0.12354901166210579,-0.08833423834697718,0.3258476993410685,8,GFC_2008
2,-0.5770594436609854,-0.47000112474747713,1.019738840621523,9,GFC_2008
3,-0.037969672017045285,0.16124099492053529,0.5957843677136927,6,GFC_2008
4,-0.04275955036589813,-0.004645802003793653,0.5409113300571159,6,GFC_2008
5,-0.014636999732604503,0.20299277947882877,0.7382007073630454,8,GFC_2008
