poset_level,Mean_Resilience,Median_Resilience,Std_Resilience,N_Countries,Shock_ID
1,-0.3565300801378888,-0.2741602936937284,0.45193253461794225,8,COVID_2020
2,-0.8220725185007299,-0.617583369186922,0.9921471020218936,7,COVID_2020
3,0.20974485255039357,0.14846740131629504,0.6000837809936586,8,COVID_2020
4,0.02449269063319572,0.06801956736711887,0.3266114051183843,7,COVID_2020
5,-0.009849265095625238,0.061061839261819004,0.38278379296669074,8,COVID_2020
