Metric,Value,Shock_ID
Spearman_Correlation,0.29472834064618764,GFC_2008
Spearman_PValue,0.0765939252720337,GFC_2008
Kruskal_Statistic,4.387505926979614,GFC_2008
Kruskal_PValue,0.3560955231677568,GFC_2008
