Metric,Value,Shock_ID
Spearman_Correlation,0.2878234843301857,COVID_2020
Spearman_PValue,0.08408895483303495,COVID_2020
Kruskal_Statistic,5.797652916073972,COVID_2020
Kruskal_PValue,0.21477788918970683,COVID_2020
