Metric,Value,Shock_ID
Spearman_Correlation,0.41037835113764937,COVID_2020
Spearman_PValue,0.010495252989703698,COVID_2020
Kruskal_Statistic,11.762001156737995,COVID_2020
Kruskal_PValue,0.019211686675659756,COVID_2020
