Metric,Value,Shock_ID
Spearman_Correlation,0.3115525441289909,GFC_2008
Spearman_PValue,0.056900122132271753,GFC_2008
Kruskal_Statistic,4.87087912087911,GFC_2008
Kruskal_PValue,0.30080451478554826,GFC_2008
