wgi_dimension_column,wgi_va_score,wgi_pv_score,wgi_ge_score,wgi_rq_score,wgi_rl_score,wgi_cc_score
wgi_va_score,1.0,0.733703881946757,0.7891756859971832,0.8085117036642258,0.8919734658015164,0.8251218730133604
wgi_pv_score,0.733703881946757,1.0,0.7187086919985597,0.6799392825652734,0.8206937156011735,0.7703106426811519
wgi_ge_score,0.7891756859971832,0.7187086919985597,1.0,0.9337624823016997,0.9092693922178462,0.92418274961312
wgi_rq_score,0.8085117036642258,0.6799392825652734,0.9337624823016997,1.0,0.9029881720099994,0.8887288200426979
wgi_rl_score,0.8919734658015164,0.8206937156011735,0.9092693922178462,0.9029881720099994,1.0,0.9369164406214027
wgi_cc_score,0.8251218730133604,0.7703106426811519,0.92418274961312,0.8887288200426979,0.9369164406214027,1.0
