shock_id,frontier_pair_type,pairs,mean_distance,median_distance,mean_similarity
2007,unknown,300,0.4166666666666667,0.4,0.5833333333333334
2019,unknown,595,0.4117647058823529,0.4,0.5882352941176471
