variable,debt_capacity_score_0_100,employment_strength_score_0_100,rd_intensity_score_0_100,human_capital_tertiary_score_0_100,energy_security_score_0_100
debt_capacity_score_0_100,1.0,0.33744426986906867,-0.051671042218044166,0.1494408327296491,0.17438402712687331
employment_strength_score_0_100,0.33744426986906867,1.0,0.2937645164710902,0.40849734828815937,0.23758581114425373
rd_intensity_score_0_100,-0.051671042218044166,0.2937645164710902,1.0,0.5374475540862599,0.2762635331450454
human_capital_tertiary_score_0_100,0.1494408327296491,0.40849734828815937,0.5374475540862599,1.0,0.4731389833124016
energy_security_score_0_100,0.17438402712687331,0.23758581114425373,0.2762635331450454,0.4731389833124016,1.0
