variable,debt_capacity_score_0_100,employment_strength_score_0_100,rd_intensity_score_0_100,human_capital_tertiary_score_0_100,energy_security_score_0_100
debt_capacity_score_0_100,1.0,0.32522529663934224,-0.050293822389966866,0.08981405452894453,0.07447055157230399
employment_strength_score_0_100,0.32522529663934224,1.0,0.36234428412813563,0.3843075975090226,-0.08073759984181607
rd_intensity_score_0_100,-0.050293822389966866,0.36234428412813563,1.0,0.5078950676988407,-0.17645183273533188
human_capital_tertiary_score_0_100,0.08981405452894453,0.3843075975090226,0.5078950676988407,1.0,0.087956405645388
energy_security_score_0_100,0.07447055157230399,-0.08073759984181607,-0.17645183273533188,0.087956405645388,1.0
